set schema DB2ADMIN;
------------------------------------------------
-- DML Statements for Table "DB2ADMIN"."MEMBER"
------------------------------------------------
INSERT INTO DB2ADMIN.MEMBER (MEMBER_ID, TYPE, STATE, OPTCOUNTER)
VALUES (7000000000000000501, 'O', 1, 0);
------------------------------------------------
-- DML Statements for Table "DB2ADMIN"."CATENTRY"
------------------------------------------------
INSERT INTO DB2ADMIN.CATENTRY (
        CATENTRY_ID,
        MEMBER_ID,
        ITEMSPC_ID,
        CATENTTYPE_ID,
        PARTNUMBER,
        MFPARTNUMBER,
        MFNAME,
        MARKFORDELETE,
        URL,
        FIELD1,
        FIELD2,
        LASTUPDATE,
        FIELD3,
        ONSPECIAL,
        ONAUCTION,
        FIELD4,
        FIELD5,
        BUYABLE,
        OID,
        BASEITEM_ID,
        STATE,
        STARTDATE,
        ENDDATE,
        RANK,
        OPTCOUNTER,
        AVAILABILITYDATE,
        LASTORDERDATE,
        ENDOFSERVICEDATE,
        DISCONTINUEDATE
    )
VALUES (
        3099001,
        7000000000000000501,
        null,
        'ProductBean    ',
        '573875290',
        'WDF4829AU',
        'Remington',
        0,
        null,
        null,
        null,
        current timestamp,
        null,
        null,
        null,
        null,
        null,
        1,
        null,
        0,
        '1',
        null,
        null,
        null,
        141,
        null,
        null,
        null,
        null
    );
INSERT INTO DB2ADMIN.CATENTRY (
        CATENTRY_ID,
        MEMBER_ID,
        ITEMSPC_ID,
        CATENTTYPE_ID,
        PARTNUMBER,
        MFPARTNUMBER,
        MFNAME,
        MARKFORDELETE,
        URL,
        FIELD1,
        FIELD2,
        LASTUPDATE,
        FIELD3,
        ONSPECIAL,
        ONAUCTION,
        FIELD4,
        FIELD5,
        BUYABLE,
        OID,
        BASEITEM_ID,
        STATE,
        STARTDATE,
        ENDDATE,
        RANK,
        OPTCOUNTER,
        AVAILABILITYDATE,
        LASTORDERDATE,
        ENDOFSERVICEDATE,
        DISCONTINUEDATE
    )
VALUES (
        3099430,
        7000000000000000501,
        0,
        'ItemBean       ',
        '573875380',
        'WDF4829AU',
        'Remington',
        0,
        null,
        null,
        null,
        current timestamp,
        49.95000,
        null,
        null,
        null,
        '9322219024570',
        1,
        null,
        null,
        '1',
        null,
        null,
        null,
        246,
        null,
        null,
        null,
        null
    );
------------------------------------------------
-- DML Statements for Table "DB2ADMIN"."CATENTREL"
------------------------------------------------
INSERT INTO DB2ADMIN.CATENTREL (
        CATENTRY_ID_PARENT,
        CATRELTYPE_ID,
        CATENTRY_ID_CHILD,
        SEQUENCE,
        QUANTITY,
        GROUPNAME,
        FIELD1,
        FIELD2,
        FIELD3,
        OID,
        OPTCOUNTER,
        MANDATORY
    )
VALUES (
        3099001,
        'PRODUCT_ITEM',
        3099430,
        0.0,
        null,
        null,
        null,
        null,
        null,
        null,
        141,
        null
    );
------------------------------------------------
-- DML Statements for Table "DB2ADMIN"."CATENTDESC"
------------------------------------------------
INSERT INTO DB2ADMIN.CATENTDESC (
        CATENTRY_ID,
        LANGUAGE_ID,
        NAME,
        SHORTDESCRIPTION,
        LONGDESCRIPTION,
        THUMBNAIL,
        AUXDESCRIPTION1,
        FULLIMAGE,
        AUXDESCRIPTION2,
        XMLDETAIL,
        AVAILABLE,
        PUBLISHED,
        AVAILABILITYDATE,
        KEYWORD,
        OPTCOUNTER
    )
VALUES (
        3099430,
        -1,
        'Smooth & Silky Cordless Wet/Dry Shaver White/Purple WDF4829AU                                                                  ',
        'Dual foils flex to your body contours to ensure constant contact with the skin, hypoallergenic foils help reduce skin irritation. Other features include a flexible trimmer and massaging strip for extra comfort.',
        '<Clob>',
        'images/55/566/4719/33/2/573875290/573875290_th_1_1.jpg',
        'Remington WDF4829AU Wet/Dry Shaver',
        'images/55/566/4719/33/2/573875290/573875290_fs_1_1.jpg',
        null,
        null,
        1,
        1,
        null,
        null,
        140
    );
------------------------------------------------
-- DML Statements for Table "DB2ADMIN"."ATTR"
------------------------------------------------
INSERT INTO DB2ADMIN.ATTR (
        ATTR_ID,
        IDENTIFIER,
        ATTRTYPE_ID,
        ATTRDICT_ID,
        STOREENT_ID,
        SEQUENCE,
        DISPLAYABLE,
        SEARCHABLE,
        COMPARABLE,
        FIELD1,
        FIELD2,
        FIELD3,
        OPTCOUNTER,
        ATTRUSAGE,
        STOREDISPLAY,
        FACETABLE,
        MERCHANDISABLE,
        SWATCHABLE
    )
VALUES (
        7000000000000002501,
        'Supplier_Diff',
        'STRING',
        10001,
        10001,
        0.0,
        1,
        0,
        0,
        null,
        null,
        null,
        1,
        2,
        null,
        0,
        null,
        0
    );
INSERT INTO DB2ADMIN.ATTR (
        ATTR_ID,
        IDENTIFIER,
        ATTRTYPE_ID,
        ATTRDICT_ID,
        STOREENT_ID,
        SEQUENCE,
        DISPLAYABLE,
        SEARCHABLE,
        COMPARABLE,
        FIELD1,
        FIELD2,
        FIELD3,
        OPTCOUNTER,
        ATTRUSAGE,
        STOREDISPLAY,
        FACETABLE,
        MERCHANDISABLE,
        SWATCHABLE
    )
VALUES (
        7000000000000004015,
        'MinQuantity',
        'INTEGER',
        10001,
        10001,
        0.0,
        0,
        0,
        0,
        null,
        null,
        null,
        1,
        1,
        null,
        0,
        null,
        0
    );
INSERT INTO DB2ADMIN.ATTR (
        ATTR_ID,
        IDENTIFIER,
        ATTRTYPE_ID,
        ATTRDICT_ID,
        STOREENT_ID,
        SEQUENCE,
        DISPLAYABLE,
        SEARCHABLE,
        COMPARABLE,
        FIELD1,
        FIELD2,
        FIELD3,
        OPTCOUNTER,
        ATTRUSAGE,
        STOREDISPLAY,
        FACETABLE,
        MERCHANDISABLE,
        SWATCHABLE
    )
VALUES (
        7000000000000004016,
        'MaxQuantity',
        'INTEGER',
        10001,
        10001,
        0.0,
        0,
        0,
        0,
        null,
        null,
        null,
        1,
        1,
        null,
        0,
        null,
        0
    );
INSERT INTO DB2ADMIN.ATTR (
        ATTR_ID,
        IDENTIFIER,
        ATTRTYPE_ID,
        ATTRDICT_ID,
        STOREENT_ID,
        SEQUENCE,
        DISPLAYABLE,
        SEARCHABLE,
        COMPARABLE,
        FIELD1,
        FIELD2,
        FIELD3,
        OPTCOUNTER,
        ATTRUSAGE,
        STOREDISPLAY,
        FACETABLE,
        MERCHANDISABLE,
        SWATCHABLE
    )
VALUES (
        7000000000000004017,
        'isDepositRequired',
        'STRING',
        10001,
        10001,
        0.0,
        0,
        0,
        0,
        null,
        null,
        null,
        1,
        1,
        null,
        0,
        null,
        0
    );
INSERT INTO DB2ADMIN.ATTR (
        ATTR_ID,
        IDENTIFIER,
        ATTRTYPE_ID,
        ATTRDICT_ID,
        STOREENT_ID,
        SEQUENCE,
        DISPLAYABLE,
        SEARCHABLE,
        COMPARABLE,
        FIELD1,
        FIELD2,
        FIELD3,
        OPTCOUNTER,
        ATTRUSAGE,
        STOREDISPLAY,
        FACETABLE,
        MERCHANDISABLE,
        SWATCHABLE
    )
VALUES (
        7000000000000004018,
        'IsStorePickupAllowed',
        'STRING',
        10001,
        10001,
        0.0,
        0,
        0,
        0,
        null,
        null,
        null,
        1,
        1,
        null,
        0,
        null,
        0
    );
INSERT INTO DB2ADMIN.ATTR (
        ATTR_ID,
        IDENTIFIER,
        ATTRTYPE_ID,
        ATTRDICT_ID,
        STOREENT_ID,
        SEQUENCE,
        DISPLAYABLE,
        SEARCHABLE,
        COMPARABLE,
        FIELD1,
        FIELD2,
        FIELD3,
        OPTCOUNTER,
        ATTRUSAGE,
        STOREDISPLAY,
        FACETABLE,
        MERCHANDISABLE,
        SWATCHABLE
    )
VALUES (
        7000000000000004019,
        'IsHomeDeliveryAllowed',
        'STRING',
        10001,
        10001,
        0.0,
        0,
        1,
        0,
        null,
        null,
        null,
        2,
        1,
        null,
        0,
        null,
        0
    );
INSERT INTO DB2ADMIN.ATTR (
        ATTR_ID,
        IDENTIFIER,
        ATTRTYPE_ID,
        ATTRDICT_ID,
        STOREENT_ID,
        SEQUENCE,
        DISPLAYABLE,
        SEARCHABLE,
        COMPARABLE,
        FIELD1,
        FIELD2,
        FIELD3,
        OPTCOUNTER,
        ATTRUSAGE,
        STOREDISPLAY,
        FACETABLE,
        MERCHANDISABLE,
        SWATCHABLE
    )
VALUES (
        7000000000000004020,
        'IsGiftWrapAllowed',
        'STRING',
        10001,
        10001,
        0.0,
        0,
        1,
        0,
        null,
        null,
        null,
        2,
        1,
        null,
        0,
        null,
        0
    );
INSERT INTO DB2ADMIN.ATTR (
        ATTR_ID,
        IDENTIFIER,
        ATTRTYPE_ID,
        ATTRDICT_ID,
        STOREENT_ID,
        SEQUENCE,
        DISPLAYABLE,
        SEARCHABLE,
        COMPARABLE,
        FIELD1,
        FIELD2,
        FIELD3,
        OPTCOUNTER,
        ATTRUSAGE,
        STOREDISPLAY,
        FACETABLE,
        MERCHANDISABLE,
        SWATCHABLE
    )
VALUES (
        7000000000000004021,
        'IsInsuranceRequired',
        'STRING',
        10001,
        10001,
        0.0,
        0,
        0,
        0,
        null,
        null,
        null,
        1,
        1,
        null,
        0,
        null,
        0
    );
INSERT INTO DB2ADMIN.ATTR (
        ATTR_ID,
        IDENTIFIER,
        ATTRTYPE_ID,
        ATTRDICT_ID,
        STOREENT_ID,
        SEQUENCE,
        DISPLAYABLE,
        SEARCHABLE,
        COMPARABLE,
        FIELD1,
        FIELD2,
        FIELD3,
        OPTCOUNTER,
        ATTRUSAGE,
        STOREDISPLAY,
        FACETABLE,
        MERCHANDISABLE,
        SWATCHABLE
    )
VALUES (
        7000000000000004022,
        'IsInstructionRequired',
        'STRING',
        10001,
        10001,
        0.0,
        0,
        0,
        0,
        null,
        null,
        null,
        1,
        1,
        null,
        0,
        null,
        0
    );
INSERT INTO DB2ADMIN.ATTR (
        ATTR_ID,
        IDENTIFIER,
        ATTRTYPE_ID,
        ATTRDICT_ID,
        STOREENT_ID,
        SEQUENCE,
        DISPLAYABLE,
        SEARCHABLE,
        COMPARABLE,
        FIELD1,
        FIELD2,
        FIELD3,
        OPTCOUNTER,
        ATTRUSAGE,
        STOREDISPLAY,
        FACETABLE,
        MERCHANDISABLE,
        SWATCHABLE
    )
VALUES (
        7000000000000004023,
        'PO_Type',
        'STRING',
        10001,
        10001,
        0.0,
        0,
        0,
        0,
        null,
        null,
        null,
        1,
        1,
        null,
        0,
        null,
        0
    );
INSERT INTO DB2ADMIN.ATTR (
        ATTR_ID,
        IDENTIFIER,
        ATTRTYPE_ID,
        ATTRDICT_ID,
        STOREENT_ID,
        SEQUENCE,
        DISPLAYABLE,
        SEARCHABLE,
        COMPARABLE,
        FIELD1,
        FIELD2,
        FIELD3,
        OPTCOUNTER,
        ATTRUSAGE,
        STOREDISPLAY,
        FACETABLE,
        MERCHANDISABLE,
        SWATCHABLE
    )
VALUES (
        7000000000000004024,
        'Online_Indicator',
        'STRING',
        10001,
        10001,
        0.0,
        0,
        0,
        0,
        null,
        null,
        null,
        1,
        1,
        null,
        0,
        null,
        0
    );
INSERT INTO DB2ADMIN.ATTR (
        ATTR_ID,
        IDENTIFIER,
        ATTRTYPE_ID,
        ATTRDICT_ID,
        STOREENT_ID,
        SEQUENCE,
        DISPLAYABLE,
        SEARCHABLE,
        COMPARABLE,
        FIELD1,
        FIELD2,
        FIELD3,
        OPTCOUNTER,
        ATTRUSAGE,
        STOREDISPLAY,
        FACETABLE,
        MERCHANDISABLE,
        SWATCHABLE
    )
VALUES (
        7000000000000004025,
        'ItemType',
        'STRING',
        10001,
        10001,
        0.0,
        0,
        0,
        0,
        null,
        null,
        null,
        1,
        1,
        null,
        0,
        null,
        0
    );
INSERT INTO DB2ADMIN.ATTR (
        ATTR_ID,
        IDENTIFIER,
        ATTRTYPE_ID,
        ATTRDICT_ID,
        STOREENT_ID,
        SEQUENCE,
        DISPLAYABLE,
        SEARCHABLE,
        COMPARABLE,
        FIELD1,
        FIELD2,
        FIELD3,
        OPTCOUNTER,
        ATTRUSAGE,
        STOREDISPLAY,
        FACETABLE,
        MERCHANDISABLE,
        SWATCHABLE
    )
VALUES (
        7000000000000004026,
        'IsReturnable',
        'STRING',
        10001,
        10001,
        0.0,
        0,
        0,
        0,
        null,
        null,
        null,
        1,
        1,
        null,
        0,
        null,
        0
    );
INSERT INTO DB2ADMIN.ATTR (
        ATTR_ID,
        IDENTIFIER,
        ATTRTYPE_ID,
        ATTRDICT_ID,
        STOREENT_ID,
        SEQUENCE,
        DISPLAYABLE,
        SEARCHABLE,
        COMPARABLE,
        FIELD1,
        FIELD2,
        FIELD3,
        OPTCOUNTER,
        ATTRUSAGE,
        STOREDISPLAY,
        FACETABLE,
        MERCHANDISABLE,
        SWATCHABLE
    )
VALUES (
        7000000000000007502,
        'Ebay_Indicator',
        'STRING',
        10001,
        10001,
        0.0,
        0,
        0,
        0,
        null,
        null,
        null,
        1,
        1,
        0,
        0,
        0,
        0
    );
INSERT INTO DB2ADMIN.ATTR (
        ATTR_ID,
        IDENTIFIER,
        ATTRTYPE_ID,
        ATTRDICT_ID,
        STOREENT_ID,
        SEQUENCE,
        DISPLAYABLE,
        SEARCHABLE,
        COMPARABLE,
        FIELD1,
        FIELD2,
        FIELD3,
        OPTCOUNTER,
        ATTRUSAGE,
        STOREDISPLAY,
        FACETABLE,
        MERCHANDISABLE,
        SWATCHABLE
    )
VALUES (
        7000000000000012501,
        'IsGiftMessageAllowed',
        'STRING',
        10001,
        10001,
        0.0,
        0,
        0,
        0,
        null,
        null,
        null,
        1,
        1,
        0,
        0,
        0,
        0
    );
INSERT INTO DB2ADMIN.ATTR (
        ATTR_ID,
        IDENTIFIER,
        ATTRTYPE_ID,
        ATTRDICT_ID,
        STOREENT_ID,
        SEQUENCE,
        DISPLAYABLE,
        SEARCHABLE,
        COMPARABLE,
        FIELD1,
        FIELD2,
        FIELD3,
        OPTCOUNTER,
        ATTRUSAGE,
        STOREDISPLAY,
        FACETABLE,
        MERCHANDISABLE,
        SWATCHABLE
    )
VALUES (
        7000000001000000001,
        'AfterPay_Eligible',
        'STRING',
        10001,
        10001,
        0.0,
        0,
        0,
        0,
        null,
        null,
        null,
        1,
        1,
        0,
        0,
        0,
        0
    );
------------------------------------------------
-- DML Statements for Table "DB2ADMIN"."DB2ADMIN.ATTRDESC"
------------------------------------------------
INSERT INTO DB2ADMIN.ATTRDESC (
        ATTR_ID,
        LANGUAGE_ID,
        ATTRTYPE_ID,
        NAME,
        DESCRIPTION,
        DESCRIPTION2,
        FIELD1,
        GROUPNAME,
        QTYUNIT_ID,
        NOTEINFO,
        OPTCOUNTER
    )
VALUES (
        7000000000000002501,
        -1,
        'STRING',
        'Supplier_Diff',
        '',
        null,
        null,
        null,
        null,
        null,
        0
    );
INSERT INTO DB2ADMIN.ATTRDESC (
        ATTR_ID,
        LANGUAGE_ID,
        ATTRTYPE_ID,
        NAME,
        DESCRIPTION,
        DESCRIPTION2,
        FIELD1,
        GROUPNAME,
        QTYUNIT_ID,
        NOTEINFO,
        OPTCOUNTER
    )
VALUES (
        7000000000000004015,
        -1,
        'INTEGER',
        'MinQuantity',
        null,
        null,
        null,
        null,
        null,
        null,
        0
    );
INSERT INTO DB2ADMIN.ATTRDESC (
        ATTR_ID,
        LANGUAGE_ID,
        ATTRTYPE_ID,
        NAME,
        DESCRIPTION,
        DESCRIPTION2,
        FIELD1,
        GROUPNAME,
        QTYUNIT_ID,
        NOTEINFO,
        OPTCOUNTER
    )
VALUES (
        7000000000000004016,
        -1,
        'INTEGER',
        'MaxQuantity',
        null,
        null,
        null,
        null,
        null,
        null,
        0
    );
INSERT INTO DB2ADMIN.ATTRDESC (
        ATTR_ID,
        LANGUAGE_ID,
        ATTRTYPE_ID,
        NAME,
        DESCRIPTION,
        DESCRIPTION2,
        FIELD1,
        GROUPNAME,
        QTYUNIT_ID,
        NOTEINFO,
        OPTCOUNTER
    )
VALUES (
        7000000000000004017,
        -1,
        'STRING',
        'isDepositRequired',
        null,
        null,
        null,
        null,
        null,
        null,
        0
    );
INSERT INTO DB2ADMIN.ATTRDESC (
        ATTR_ID,
        LANGUAGE_ID,
        ATTRTYPE_ID,
        NAME,
        DESCRIPTION,
        DESCRIPTION2,
        FIELD1,
        GROUPNAME,
        QTYUNIT_ID,
        NOTEINFO,
        OPTCOUNTER
    )
VALUES (
        7000000000000004018,
        -1,
        'STRING',
        'IsStorePickupAllowed',
        null,
        null,
        null,
        null,
        null,
        null,
        0
    );
INSERT INTO DB2ADMIN.ATTRDESC (
        ATTR_ID,
        LANGUAGE_ID,
        ATTRTYPE_ID,
        NAME,
        DESCRIPTION,
        DESCRIPTION2,
        FIELD1,
        GROUPNAME,
        QTYUNIT_ID,
        NOTEINFO,
        OPTCOUNTER
    )
VALUES (
        7000000000000004019,
        -1,
        'STRING',
        'IsHomeDeliveryAllowed',
        null,
        null,
        null,
        null,
        null,
        null,
        0
    );
INSERT INTO DB2ADMIN.ATTRDESC (
        ATTR_ID,
        LANGUAGE_ID,
        ATTRTYPE_ID,
        NAME,
        DESCRIPTION,
        DESCRIPTION2,
        FIELD1,
        GROUPNAME,
        QTYUNIT_ID,
        NOTEINFO,
        OPTCOUNTER
    )
VALUES (
        7000000000000004020,
        -1,
        'STRING',
        'IsGiftWrapAllowed',
        null,
        null,
        null,
        null,
        null,
        null,
        0
    );
INSERT INTO DB2ADMIN.ATTRDESC (
        ATTR_ID,
        LANGUAGE_ID,
        ATTRTYPE_ID,
        NAME,
        DESCRIPTION,
        DESCRIPTION2,
        FIELD1,
        GROUPNAME,
        QTYUNIT_ID,
        NOTEINFO,
        OPTCOUNTER
    )
VALUES (
        7000000000000004021,
        -1,
        'STRING',
        'IsInsuranceRequired',
        null,
        null,
        null,
        null,
        null,
        null,
        0
    );
INSERT INTO DB2ADMIN.ATTRDESC (
        ATTR_ID,
        LANGUAGE_ID,
        ATTRTYPE_ID,
        NAME,
        DESCRIPTION,
        DESCRIPTION2,
        FIELD1,
        GROUPNAME,
        QTYUNIT_ID,
        NOTEINFO,
        OPTCOUNTER
    )
VALUES (
        7000000000000004022,
        -1,
        'STRING',
        'IsInstructionRequired',
        null,
        null,
        null,
        null,
        null,
        null,
        0
    );
INSERT INTO DB2ADMIN.ATTRDESC (
        ATTR_ID,
        LANGUAGE_ID,
        ATTRTYPE_ID,
        NAME,
        DESCRIPTION,
        DESCRIPTION2,
        FIELD1,
        GROUPNAME,
        QTYUNIT_ID,
        NOTEINFO,
        OPTCOUNTER
    )
VALUES (
        7000000000000004023,
        -1,
        'STRING',
        'PO_Type',
        null,
        null,
        null,
        null,
        null,
        null,
        0
    );
INSERT INTO DB2ADMIN.ATTRDESC (
        ATTR_ID,
        LANGUAGE_ID,
        ATTRTYPE_ID,
        NAME,
        DESCRIPTION,
        DESCRIPTION2,
        FIELD1,
        GROUPNAME,
        QTYUNIT_ID,
        NOTEINFO,
        OPTCOUNTER
    )
VALUES (
        7000000000000004024,
        -1,
        'STRING',
        'Online_Indicator',
        null,
        null,
        null,
        null,
        null,
        null,
        0
    );
INSERT INTO DB2ADMIN.ATTRDESC (
        ATTR_ID,
        LANGUAGE_ID,
        ATTRTYPE_ID,
        NAME,
        DESCRIPTION,
        DESCRIPTION2,
        FIELD1,
        GROUPNAME,
        QTYUNIT_ID,
        NOTEINFO,
        OPTCOUNTER
    )
VALUES (
        7000000000000004025,
        -1,
        'STRING',
        'ItemType',
        null,
        null,
        null,
        null,
        null,
        null,
        0
    );
INSERT INTO DB2ADMIN.ATTRDESC (
        ATTR_ID,
        LANGUAGE_ID,
        ATTRTYPE_ID,
        NAME,
        DESCRIPTION,
        DESCRIPTION2,
        FIELD1,
        GROUPNAME,
        QTYUNIT_ID,
        NOTEINFO,
        OPTCOUNTER
    )
VALUES (
        7000000000000004026,
        -1,
        'STRING',
        'IsReturnable',
        null,
        null,
        null,
        null,
        null,
        null,
        0
    );
INSERT INTO DB2ADMIN.ATTRDESC (
        ATTR_ID,
        LANGUAGE_ID,
        ATTRTYPE_ID,
        NAME,
        DESCRIPTION,
        DESCRIPTION2,
        FIELD1,
        GROUPNAME,
        QTYUNIT_ID,
        NOTEINFO,
        OPTCOUNTER
    )
VALUES (
        7000000000000007502,
        -1,
        'STRING',
        'Ebay_Indicator',
        '',
        null,
        null,
        null,
        null,
        null,
        0
    );
INSERT INTO DB2ADMIN.ATTRDESC (
        ATTR_ID,
        LANGUAGE_ID,
        ATTRTYPE_ID,
        NAME,
        DESCRIPTION,
        DESCRIPTION2,
        FIELD1,
        GROUPNAME,
        QTYUNIT_ID,
        NOTEINFO,
        OPTCOUNTER
    )
VALUES (
        7000000000000012501,
        -1,
        'STRING',
        'IsGiftMessageAllowed',
        '',
        null,
        null,
        null,
        null,
        null,
        0
    );
INSERT INTO DB2ADMIN.ATTRDESC (
        ATTR_ID,
        LANGUAGE_ID,
        ATTRTYPE_ID,
        NAME,
        DESCRIPTION,
        DESCRIPTION2,
        FIELD1,
        GROUPNAME,
        QTYUNIT_ID,
        NOTEINFO,
        OPTCOUNTER
    )
VALUES (
        7000000001000000001,
        -1,
        'STRING',
        'AfterPay_Eligible',
        'Defined product eligibilty for AfterPay payments (by default, all products are eligible and with this attribute, product will be made unavailable for AfterPay payment)',
        null,
        null,
        null,
        null,
        null,
        0
    );
INSERT INTO DB2ADMIN.ATTRDESC (
        ATTR_ID,
        LANGUAGE_ID,
        ATTRTYPE_ID,
        NAME,
        DESCRIPTION,
        DESCRIPTION2,
        FIELD1,
        GROUPNAME,
        QTYUNIT_ID,
        NOTEINFO,
        OPTCOUNTER
    )
VALUES (
        7000000000000026507,
        -1,
        'STRING',
        'Country Of Manufacture',
        null,
        null,
        null,
        null,
        null,
        null,
        0
    );
INSERT INTO DB2ADMIN.ATTRDESC (
        ATTR_ID,
        LANGUAGE_ID,
        ATTRTYPE_ID,
        NAME,
        DESCRIPTION,
        DESCRIPTION2,
        FIELD1,
        GROUPNAME,
        QTYUNIT_ID,
        NOTEINFO,
        OPTCOUNTER
    )
VALUES (
        7000000000000004020,
        -1,
        'STRING',
        'IsGiftWrapAllowed',
        null,
        null,
        null,
        null,
        null,
        null,
        0
    );
INSERT INTO DB2ADMIN.ATTRDESC (
        ATTR_ID,
        LANGUAGE_ID,
        ATTRTYPE_ID,
        NAME,
        DESCRIPTION,
        DESCRIPTION2,
        FIELD1,
        GROUPNAME,
        QTYUNIT_ID,
        NOTEINFO,
        OPTCOUNTER
    )
VALUES (
        7000000000000004024,
        -1,
        'STRING',
        'Online_Indicator',
        null,
        null,
        null,
        null,
        null,
        null,
        0
    );
INSERT INTO DB2ADMIN.ATTRDESC (
        ATTR_ID,
        LANGUAGE_ID,
        ATTRTYPE_ID,
        NAME,
        DESCRIPTION,
        DESCRIPTION2,
        FIELD1,
        GROUPNAME,
        QTYUNIT_ID,
        NOTEINFO,
        OPTCOUNTER
    )
VALUES (
        7000000000000007502,
        -1,
        'STRING',
        'Ebay_Indicator',
        '',
        null,
        null,
        null,
        null,
        null,
        0
    );
INSERT INTO DB2ADMIN.ATTRDESC (
        ATTR_ID,
        LANGUAGE_ID,
        ATTRTYPE_ID,
        NAME,
        DESCRIPTION,
        DESCRIPTION2,
        FIELD1,
        GROUPNAME,
        QTYUNIT_ID,
        NOTEINFO,
        OPTCOUNTER
    )
VALUES (
        7000000000000008001,
        -1,
        'STRING',
        'Primary Category',
        '',
        null,
        null,
        null,
        null,
        null,
        0
    );
INSERT INTO DB2ADMIN.ATTRDESC (
        ATTR_ID,
        LANGUAGE_ID,
        ATTRTYPE_ID,
        NAME,
        DESCRIPTION,
        DESCRIPTION2,
        FIELD1,
        GROUPNAME,
        QTYUNIT_ID,
        NOTEINFO,
        OPTCOUNTER
    )
VALUES (
        7000000000000009503,
        -1,
        'STRING',
        'OutOfStock',
        'OutOfStock attribute - flag for display or hiding of an out of stock product',
        null,
        null,
        null,
        null,
        null,
        0
    );
INSERT INTO DB2ADMIN.ATTRDESC (
        ATTR_ID,
        LANGUAGE_ID,
        ATTRTYPE_ID,
        NAME,
        DESCRIPTION,
        DESCRIPTION2,
        FIELD1,
        GROUPNAME,
        QTYUNIT_ID,
        NOTEINFO,
        OPTCOUNTER
    )
VALUES (
        7000000000000012501,
        -1,
        'STRING',
        'IsGiftMessageAllowed',
        '',
        null,
        null,
        null,
        null,
        null,
        0
    );
INSERT INTO DB2ADMIN.ATTRDESC (
        ATTR_ID,
        LANGUAGE_ID,
        ATTRTYPE_ID,
        NAME,
        DESCRIPTION,
        DESCRIPTION2,
        FIELD1,
        GROUPNAME,
        QTYUNIT_ID,
        NOTEINFO,
        OPTCOUNTER
    )
VALUES (
        7000000000000047501,
        -1,
        'STRING',
        'Available Online',
        null,
        null,
        null,
        null,
        null,
        null,
        0
    );
INSERT INTO DB2ADMIN.ATTRDESC (
        ATTR_ID,
        LANGUAGE_ID,
        ATTRTYPE_ID,
        NAME,
        DESCRIPTION,
        DESCRIPTION2,
        FIELD1,
        GROUPNAME,
        QTYUNIT_ID,
        NOTEINFO,
        OPTCOUNTER
    )
VALUES (
        7000000000000048501,
        -1,
        'STRING',
        'Retek Category',
        null,
        null,
        null,
        null,
        null,
        null,
        0
    );
INSERT INTO DB2ADMIN.ATTRDESC (
        ATTR_ID,
        LANGUAGE_ID,
        ATTRTYPE_ID,
        NAME,
        DESCRIPTION,
        DESCRIPTION2,
        FIELD1,
        GROUPNAME,
        QTYUNIT_ID,
        NOTEINFO,
        OPTCOUNTER
    )
VALUES (
        7000000000000048502,
        -1,
        'STRING',
        'Retek Classgroup',
        null,
        null,
        null,
        null,
        null,
        null,
        0
    );
INSERT INTO DB2ADMIN.ATTRDESC (
        ATTR_ID,
        LANGUAGE_ID,
        ATTRTYPE_ID,
        NAME,
        DESCRIPTION,
        DESCRIPTION2,
        FIELD1,
        GROUPNAME,
        QTYUNIT_ID,
        NOTEINFO,
        OPTCOUNTER
    )
VALUES (
        7000000000000048503,
        -1,
        'STRING',
        'Retek TPC',
        null,
        null,
        null,
        null,
        null,
        null,
        0
    );
INSERT INTO DB2ADMIN.ATTRDESC (
        ATTR_ID,
        LANGUAGE_ID,
        ATTRTYPE_ID,
        NAME,
        DESCRIPTION,
        DESCRIPTION2,
        FIELD1,
        GROUPNAME,
        QTYUNIT_ID,
        NOTEINFO,
        OPTCOUNTER
    )
VALUES (
        7000000000000053001,
        -1,
        'STRING',
        'Brand',
        '',
        null,
        null,
        null,
        null,
        null,
        1
    );
INSERT INTO DB2ADMIN.ATTRDESC (
        ATTR_ID,
        LANGUAGE_ID,
        ATTRTYPE_ID,
        NAME,
        DESCRIPTION,
        DESCRIPTION2,
        FIELD1,
        GROUPNAME,
        QTYUNIT_ID,
        NOTEINFO,
        OPTCOUNTER
    )
VALUES (
        7000000000000063001,
        -1,
        'STRING',
        'Supplier Code',
        null,
        null,
        null,
        null,
        null,
        null,
        0
    );
INSERT INTO DB2ADMIN.ATTRDESC (
        ATTR_ID,
        LANGUAGE_ID,
        ATTRTYPE_ID,
        NAME,
        DESCRIPTION,
        DESCRIPTION2,
        FIELD1,
        GROUPNAME,
        QTYUNIT_ID,
        NOTEINFO,
        OPTCOUNTER
    )
VALUES (
        7000000000000070501,
        -1,
        'STRING',
        'Department Filter',
        null,
        null,
        null,
        null,
        null,
        null,
        0
    );
INSERT INTO DB2ADMIN.ATTRDESC (
        ATTR_ID,
        LANGUAGE_ID,
        ATTRTYPE_ID,
        NAME,
        DESCRIPTION,
        DESCRIPTION2,
        FIELD1,
        GROUPNAME,
        QTYUNIT_ID,
        NOTEINFO,
        OPTCOUNTER
    )
VALUES (
        7000000000000072001,
        -1,
        'STRING',
        'Concession',
        null,
        null,
        null,
        null,
        null,
        null,
        0
    );
INSERT INTO DB2ADMIN.ATTRDESC (
        ATTR_ID,
        LANGUAGE_ID,
        ATTRTYPE_ID,
        NAME,
        DESCRIPTION,
        DESCRIPTION2,
        FIELD1,
        GROUPNAME,
        QTYUNIT_ID,
        NOTEINFO,
        OPTCOUNTER
    )
VALUES (
        7000000000000072002,
        -1,
        'STRING',
        'Dropship',
        null,
        null,
        null,
        null,
        null,
        null,
        0
    );
INSERT INTO DB2ADMIN.ATTRDESC (
        ATTR_ID,
        LANGUAGE_ID,
        ATTRTYPE_ID,
        NAME,
        DESCRIPTION,
        DESCRIPTION2,
        FIELD1,
        GROUPNAME,
        QTYUNIT_ID,
        NOTEINFO,
        OPTCOUNTER
    )
VALUES (
        7000000000000072007,
        -1,
        'STRING',
        'Retek Product Type',
        null,
        null,
        null,
        null,
        null,
        null,
        0
    );
------------------------------------------------
-- DML Statements for Table "DB2ADMIN"."ATTRVAL"
------------------------------------------------
INSERT INTO DB2ADMIN.ATTRVAL (
        ATTRVAL_ID,
        ATTR_ID,
        IDENTIFIER,
        VALUSAGE,
        STOREENT_ID,
        FIELD1,
        FIELD2,
        FIELD3,
        OPTCOUNTER
    )
VALUES (
        7000000000000246004,
        7000000000000004015,
        '1',
        1,
        10001,
        null,
        null,
        null,
        0
    );
INSERT INTO DB2ADMIN.ATTRVALDESC (
        ATTRVAL_ID,
        LANGUAGE_ID,
        ATTR_ID,
        VALUE,
        VALUSAGE,
        "SEQUENCE",
        STRINGVALUE,
        INTEGERVALUE,
        FLOATVALUE,
        QTYUNIT_ID,
        IMAGE1,
        IMAGE2,
        FIELD1,
        FIELD2,
        FIELD3,
        OPTCOUNTER
    )
VALUES (
        70000000000002460040,
        -1,
        7000000000000004015,
        '1',
        2,
        0.0,
        '1',
        0,
        0.0,
        '',
        '',
        '',
        0,
        '',
        '',
        0
    );
INSERT INTO DB2ADMIN.ATTRVAL (
        ATTRVAL_ID,
        ATTR_ID,
        IDENTIFIER,
        VALUSAGE,
        STOREENT_ID,
        FIELD1,
        FIELD2,
        FIELD3,
        OPTCOUNTER
    )
VALUES (
        7000000000000246030,
        7000000000000004016,
        '50',
        1,
        10001,
        null,
        null,
        null,
        2
    );
INSERT INTO DB2ADMIN.ATTRVALDESC (
        ATTRVAL_ID,
        LANGUAGE_ID,
        ATTR_ID,
        VALUE,
        VALUSAGE,
        "SEQUENCE",
        STRINGVALUE,
        INTEGERVALUE,
        FLOATVALUE,
        QTYUNIT_ID,
        IMAGE1,
        IMAGE2,
        FIELD1,
        FIELD2,
        FIELD3,
        OPTCOUNTER
    )
VALUES (
        7000000000000246030,
        -1,
        7000000000000004016,
        '50',
        2,
        0.0,
        '50',
        0,
        0.0,
        '',
        '',
        '',
        0,
        '',
        '',
        0
    );
INSERT INTO DB2ADMIN.ATTRVAL (
        ATTRVAL_ID,
        ATTR_ID,
        IDENTIFIER,
        VALUSAGE,
        STOREENT_ID,
        FIELD1,
        FIELD2,
        FIELD3,
        OPTCOUNTER
    )
VALUES (
        7000000000000246058,
        7000000000000004025,
        'PI',
        1,
        10001,
        null,
        null,
        null,
        0
    );
INSERT INTO DB2ADMIN.ATTRVALDESC (
        ATTRVAL_ID,
        LANGUAGE_ID,
        ATTR_ID,
        VALUE,
        VALUSAGE,
        "SEQUENCE",
        STRINGVALUE,
        INTEGERVALUE,
        FLOATVALUE,
        QTYUNIT_ID,
        IMAGE1,
        IMAGE2,
        FIELD1,
        FIELD2,
        FIELD3,
        OPTCOUNTER
    )
VALUES (
        7000000000000246058,
        -1,
        7000000000000004025,
        'PI',
        2,
        0.0,
        'PI',
        0,
        0.0,
        '',
        '',
        '',
        0,
        '',
        '',
        0
    );
INSERT INTO DB2ADMIN.ATTRVAL (
        ATTRVAL_ID,
        ATTR_ID,
        IDENTIFIER,
        VALUSAGE,
        STOREENT_ID,
        FIELD1,
        FIELD2,
        FIELD3,
        OPTCOUNTER
    )
VALUES (
        7000000000000246059,
        7000000000000004026,
        'no',
        1,
        10001,
        null,
        null,
        null,
        0
    );
INSERT INTO DB2ADMIN.ATTRVALDESC (
        ATTRVAL_ID,
        LANGUAGE_ID,
        ATTR_ID,
        VALUE,
        VALUSAGE,
        "SEQUENCE",
        STRINGVALUE,
        INTEGERVALUE,
        FLOATVALUE,
        QTYUNIT_ID,
        IMAGE1,
        IMAGE2,
        FIELD1,
        FIELD2,
        FIELD3,
        OPTCOUNTER
    )
VALUES (
        7000000000000246059,
        -1,
        7000000000000004026,
        'no',
        2,
        0.0,
        'no',
        0,
        0.0,
        '',
        '',
        '',
        0,
        '',
        '',
        0
    );
INSERT INTO DB2ADMIN.ATTRVAL (
        ATTRVAL_ID,
        ATTR_ID,
        IDENTIFIER,
        VALUSAGE,
        STOREENT_ID,
        FIELD1,
        FIELD2,
        FIELD3,
        OPTCOUNTER
    )
VALUES (
        7000000000000246061,
        7000000000000004017,
        'no',
        1,
        10001,
        null,
        null,
        null,
        0
    );
INSERT INTO DB2ADMIN.ATTRVALDESC (
        ATTRVAL_ID,
        LANGUAGE_ID,
        ATTR_ID,
        VALUE,
        VALUSAGE,
        "SEQUENCE",
        STRINGVALUE,
        INTEGERVALUE,
        FLOATVALUE,
        QTYUNIT_ID,
        IMAGE1,
        IMAGE2,
        FIELD1,
        FIELD2,
        FIELD3,
        OPTCOUNTER
    )
VALUES (
        7000000000000246061,
        -1,
        7000000000000004017,
        'no',
        2,
        0.0,
        'no',
        0,
        0.0,
        '',
        '',
        '',
        0,
        '',
        '',
        0
    );
INSERT INTO DB2ADMIN.ATTRVAL (
        ATTRVAL_ID,
        ATTR_ID,
        IDENTIFIER,
        VALUSAGE,
        STOREENT_ID,
        FIELD1,
        FIELD2,
        FIELD3,
        OPTCOUNTER
    )
VALUES (
        7000000000000246063,
        7000000000000004018,
        'yes',
        1,
        10001,
        null,
        null,
        null,
        0
    );
INSERT INTO DB2ADMIN.ATTRVALDESC (
        ATTRVAL_ID,
        LANGUAGE_ID,
        ATTR_ID,
        VALUE,
        VALUSAGE,
        "SEQUENCE",
        STRINGVALUE,
        INTEGERVALUE,
        FLOATVALUE,
        QTYUNIT_ID,
        IMAGE1,
        IMAGE2,
        FIELD1,
        FIELD2,
        FIELD3,
        OPTCOUNTER
    )
VALUES (
        7000000000000246063,
        -1,
        7000000000000004018,
        'yes',
        2,
        0.0,
        'yes',
        0,
        0.0,
        '',
        '',
        '',
        0,
        '',
        '',
        0
    );
INSERT INTO DB2ADMIN.ATTRVAL (
        ATTRVAL_ID,
        ATTR_ID,
        IDENTIFIER,
        VALUSAGE,
        STOREENT_ID,
        FIELD1,
        FIELD2,
        FIELD3,
        OPTCOUNTER
    )
VALUES (
        7000000000000246066,
        7000000000000004019,
        'yes',
        1,
        10001,
        null,
        null,
        null,
        0
    );
INSERT INTO DB2ADMIN.ATTRVALDESC (
        ATTRVAL_ID,
        LANGUAGE_ID,
        ATTR_ID,
        VALUE,
        VALUSAGE,
        "SEQUENCE",
        STRINGVALUE,
        INTEGERVALUE,
        FLOATVALUE,
        QTYUNIT_ID,
        IMAGE1,
        IMAGE2,
        FIELD1,
        FIELD2,
        FIELD3,
        OPTCOUNTER
    )
VALUES (
        7000000000000246066,
        -1,
        7000000000000004019,
        'yes',
        2,
        0.0,
        'yes',
        0,
        0.0,
        '',
        '',
        '',
        0,
        '',
        '',
        0
    );
INSERT INTO DB2ADMIN.ATTRVAL (
        ATTRVAL_ID,
        ATTR_ID,
        IDENTIFIER,
        VALUSAGE,
        STOREENT_ID,
        FIELD1,
        FIELD2,
        FIELD3,
        OPTCOUNTER
    )
VALUES (
        7000000000000246067,
        7000000000000004020,
        'no',
        1,
        10001,
        null,
        null,
        null,
        0
    );
INSERT INTO DB2ADMIN.ATTRVALDESC (
        ATTRVAL_ID,
        LANGUAGE_ID,
        ATTR_ID,
        VALUE,
        VALUSAGE,
        "SEQUENCE",
        STRINGVALUE,
        INTEGERVALUE,
        FLOATVALUE,
        QTYUNIT_ID,
        IMAGE1,
        IMAGE2,
        FIELD1,
        FIELD2,
        FIELD3,
        OPTCOUNTER
    )
VALUES (
        7000000000000246067,
        -1,
        7000000000000004020,
        'no',
        2,
        0.0,
        'no',
        0,
        0.0,
        '',
        '',
        '',
        0,
        '',
        '',
        0
    );
INSERT INTO DB2ADMIN.ATTRVAL (
        ATTRVAL_ID,
        ATTR_ID,
        IDENTIFIER,
        VALUSAGE,
        STOREENT_ID,
        FIELD1,
        FIELD2,
        FIELD3,
        OPTCOUNTER
    )
VALUES (
        7000000000000246070,
        7000000000000004021,
        'no',
        1,
        10001,
        null,
        null,
        null,
        0
    );
INSERT INTO DB2ADMIN.ATTRVALDESC (
        ATTRVAL_ID,
        LANGUAGE_ID,
        ATTR_ID,
        VALUE,
        VALUSAGE,
        "SEQUENCE",
        STRINGVALUE,
        INTEGERVALUE,
        FLOATVALUE,
        QTYUNIT_ID,
        IMAGE1,
        IMAGE2,
        FIELD1,
        FIELD2,
        FIELD3,
        OPTCOUNTER
    )
VALUES (
        7000000000000246070,
        -1,
        7000000000000004021,
        'no',
        2,
        0.0,
        'no',
        0,
        0.0,
        '',
        '',
        '',
        0,
        '',
        '',
        0
    );
INSERT INTO DB2ADMIN.ATTRVAL (
        ATTRVAL_ID,
        ATTR_ID,
        IDENTIFIER,
        VALUSAGE,
        STOREENT_ID,
        FIELD1,
        FIELD2,
        FIELD3,
        OPTCOUNTER
    )
VALUES (
        7000000000000246071,
        7000000000000004022,
        'no',
        1,
        10001,
        null,
        null,
        null,
        0
    );
INSERT INTO DB2ADMIN.ATTRVALDESC (
        ATTRVAL_ID,
        LANGUAGE_ID,
        ATTR_ID,
        VALUE,
        VALUSAGE,
        "SEQUENCE",
        STRINGVALUE,
        INTEGERVALUE,
        FLOATVALUE,
        QTYUNIT_ID,
        IMAGE1,
        IMAGE2,
        FIELD1,
        FIELD2,
        FIELD3,
        OPTCOUNTER
    )
VALUES (
        7000000000000246071,
        -1,
        7000000000000004022,
        'no',
        2,
        0.0,
        'no',
        0,
        0.0,
        '',
        '',
        '',
        0,
        '',
        '',
        0
    );
INSERT INTO DB2ADMIN.ATTRVAL (
        ATTRVAL_ID,
        ATTR_ID,
        IDENTIFIER,
        VALUSAGE,
        STOREENT_ID,
        FIELD1,
        FIELD2,
        FIELD3,
        OPTCOUNTER
    )
VALUES (
        7000000000000246074,
        7000000000000004023,
        'XD',
        1,
        10001,
        null,
        null,
        null,
        0
    );
INSERT INTO DB2ADMIN.ATTRVALDESC (
        ATTRVAL_ID,
        LANGUAGE_ID,
        ATTR_ID,
        VALUE,
        VALUSAGE,
        "SEQUENCE",
        STRINGVALUE,
        INTEGERVALUE,
        FLOATVALUE,
        QTYUNIT_ID,
        IMAGE1,
        IMAGE2,
        FIELD1,
        FIELD2,
        FIELD3,
        OPTCOUNTER
    )
VALUES (
        7000000000000246074,
        -1,
        7000000000000004023,
        'XD',
        2,
        0.0,
        'XD',
        0,
        0.0,
        '',
        '',
        '',
        0,
        '',
        '',
        0
    );
INSERT INTO DB2ADMIN.ATTRVAL (
        ATTRVAL_ID,
        ATTR_ID,
        IDENTIFIER,
        VALUSAGE,
        STOREENT_ID,
        FIELD1,
        FIELD2,
        FIELD3,
        OPTCOUNTER
    )
VALUES (
        7000000000000246075,
        7000000000000004024,
        'yes',
        1,
        10001,
        null,
        null,
        null,
        3
    );
INSERT INTO DB2ADMIN.ATTRVALDESC (
        ATTRVAL_ID,
        LANGUAGE_ID,
        ATTR_ID,
        VALUE,
        VALUSAGE,
        "SEQUENCE",
        STRINGVALUE,
        INTEGERVALUE,
        FLOATVALUE,
        QTYUNIT_ID,
        IMAGE1,
        IMAGE2,
        FIELD1,
        FIELD2,
        FIELD3,
        OPTCOUNTER
    )
VALUES (
        7000000000000246075,
        -1,
        7000000000000004024,
        'yes',
        2,
        0.0,
        'yes',
        0,
        0.0,
        '',
        '',
        '',
        0,
        '',
        '',
        0
    );
INSERT INTO DB2ADMIN.ATTRVAL (
        ATTRVAL_ID,
        ATTR_ID,
        IDENTIFIER,
        VALUSAGE,
        STOREENT_ID,
        FIELD1,
        FIELD2,
        FIELD3,
        OPTCOUNTER
    )
VALUES (
        7000000000001238502,
        7000000000000007502,
        'yes',
        1,
        10001,
        null,
        null,
        null,
        0
    );
INSERT INTO DB2ADMIN.ATTRVALDESC (
        ATTRVAL_ID,
        LANGUAGE_ID,
        ATTR_ID,
        VALUE,
        VALUSAGE,
        "SEQUENCE",
        STRINGVALUE,
        INTEGERVALUE,
        FLOATVALUE,
        QTYUNIT_ID,
        IMAGE1,
        IMAGE2,
        FIELD1,
        FIELD2,
        FIELD3,
        OPTCOUNTER
    )
VALUES (
        7000000000001238502,
        -1,
        7000000000000007502,
        'yes',
        2,
        0.0,
        'yes',
        0,
        0.0,
        '',
        '',
        '',
        0,
        '',
        '',
        0
    );
INSERT INTO DB2ADMIN.ATTRVAL (
        ATTRVAL_ID,
        ATTR_ID,
        IDENTIFIER,
        VALUSAGE,
        STOREENT_ID,
        FIELD1,
        FIELD2,
        FIELD3,
        OPTCOUNTER
    )
VALUES (
        7000000000001824525,
        7000000000000012501,
        'no',
        1,
        10001,
        null,
        null,
        null,
        0
    );
INSERT INTO DB2ADMIN.ATTRVALDESC (
        ATTRVAL_ID,
        LANGUAGE_ID,
        ATTR_ID,
        VALUE,
        VALUSAGE,
        "SEQUENCE",
        STRINGVALUE,
        INTEGERVALUE,
        FLOATVALUE,
        QTYUNIT_ID,
        IMAGE1,
        IMAGE2,
        FIELD1,
        FIELD2,
        FIELD3,
        OPTCOUNTER
    )
VALUES (
        7000000000001824525,
        -1,
        7000000000000012501,
        'no',
        2,
        0.0,
        'no',
        0,
        0.0,
        '',
        '',
        '',
        0,
        '',
        '',
        0
    );
INSERT INTO DB2ADMIN.ATTRVAL (
        ATTRVAL_ID,
        ATTR_ID,
        IDENTIFIER,
        VALUSAGE,
        STOREENT_ID,
        FIELD1,
        FIELD2,
        FIELD3,
        OPTCOUNTER
    )
VALUES (
        7000000000004722272,
        7000000000000002501,
        'White',
        null,
        10001,
        null,
        null,
        null,
        0
    );
INSERT INTO DB2ADMIN.ATTRVALDESC (
        ATTRVAL_ID,
        LANGUAGE_ID,
        ATTR_ID,
        VALUE,
        VALUSAGE,
        "SEQUENCE",
        STRINGVALUE,
        INTEGERVALUE,
        FLOATVALUE,
        QTYUNIT_ID,
        IMAGE1,
        IMAGE2,
        FIELD1,
        FIELD2,
        FIELD3,
        OPTCOUNTER
    )
VALUES (
        7000000000004722272,
        -1,
        7000000000000002501,
        'White',
        2,
        0.0,
        'White',
        0,
        0.0,
        '',
        '',
        '',
        0,
        '',
        '',
        0
    );
INSERT INTO DB2ADMIN.ATTRVAL (
        ATTRVAL_ID,
        ATTR_ID,
        IDENTIFIER,
        VALUSAGE,
        STOREENT_ID,
        FIELD1,
        FIELD2,
        FIELD3,
        OPTCOUNTER
    )
VALUES (
        7000000001000000002,
        7000000001000000001,
        'yes',
        1,
        10001,
        null,
        null,
        null,
        0
    );
INSERT INTO DB2ADMIN.ATTRVALDESC (
        ATTRVAL_ID,
        LANGUAGE_ID,
        ATTR_ID,
        VALUE,
        VALUSAGE,
        "SEQUENCE",
        STRINGVALUE,
        INTEGERVALUE,
        FLOATVALUE,
        QTYUNIT_ID,
        IMAGE1,
        IMAGE2,
        FIELD1,
        FIELD2,
        FIELD3,
        OPTCOUNTER
    )
VALUES (
        7000000001000000002,
        -1,
        7000000001000000001,
        'yes',
        2,
        0.0,
        'yes',
        0,
        0.0,
        '',
        '',
        '',
        0,
        '',
        '',
        0
    );
------------------------------------------------
-- DML Statements for Table "DB2ADMIN"."CATENTRYATTR"
------------------------------------------------
INSERT INTO DB2ADMIN.CATENTRYATTR (
        CATENTRY_ID,
        ATTR_ID,
        ATTRVAL_ID,
        USAGE,
        SEQUENCE,
        FIELD1,
        FIELD2,
        FIELD3,
        OPTCOUNTER
    )
VALUES (
        3099430,
        7000000000000004015,
        7000000000000246004,
        '2',
        0.0,
        null,
        null,
        null,
        0
    );
INSERT INTO DB2ADMIN.CATENTRYATTR (
        CATENTRY_ID,
        ATTR_ID,
        ATTRVAL_ID,
        USAGE,
        SEQUENCE,
        FIELD1,
        FIELD2,
        FIELD3,
        OPTCOUNTER
    )
VALUES (
        3099430,
        7000000000000004016,
        7000000000000246030,
        '2',
        0.0,
        null,
        null,
        null,
        0
    );
INSERT INTO DB2ADMIN.CATENTRYATTR (
        CATENTRY_ID,
        ATTR_ID,
        ATTRVAL_ID,
        USAGE,
        SEQUENCE,
        FIELD1,
        FIELD2,
        FIELD3,
        OPTCOUNTER
    )
VALUES (
        3099430,
        7000000000000004017,
        7000000000000246061,
        '2',
        0.0,
        null,
        null,
        null,
        0
    );
INSERT INTO DB2ADMIN.CATENTRYATTR (
        CATENTRY_ID,
        ATTR_ID,
        ATTRVAL_ID,
        USAGE,
        SEQUENCE,
        FIELD1,
        FIELD2,
        FIELD3,
        OPTCOUNTER
    )
VALUES (
        3099430,
        7000000000000004018,
        7000000000000246063,
        '2',
        0.0,
        null,
        null,
        null,
        0
    );
INSERT INTO DB2ADMIN.CATENTRYATTR (
        CATENTRY_ID,
        ATTR_ID,
        ATTRVAL_ID,
        USAGE,
        SEQUENCE,
        FIELD1,
        FIELD2,
        FIELD3,
        OPTCOUNTER
    )
VALUES (
        3099430,
        7000000000000004019,
        7000000000000246066,
        '2',
        0.0,
        null,
        null,
        null,
        0
    );
INSERT INTO DB2ADMIN.CATENTRYATTR (
        CATENTRY_ID,
        ATTR_ID,
        ATTRVAL_ID,
        USAGE,
        SEQUENCE,
        FIELD1,
        FIELD2,
        FIELD3,
        OPTCOUNTER
    )
VALUES (
        3099430,
        7000000000000004020,
        7000000000000246067,
        '2',
        0.0,
        null,
        null,
        null,
        0
    );
INSERT INTO DB2ADMIN.CATENTRYATTR (
        CATENTRY_ID,
        ATTR_ID,
        ATTRVAL_ID,
        USAGE,
        SEQUENCE,
        FIELD1,
        FIELD2,
        FIELD3,
        OPTCOUNTER
    )
VALUES (
        3099430,
        7000000000000004021,
        7000000000000246070,
        '2',
        0.0,
        null,
        null,
        null,
        0
    );
INSERT INTO DB2ADMIN.CATENTRYATTR (
        CATENTRY_ID,
        ATTR_ID,
        ATTRVAL_ID,
        USAGE,
        SEQUENCE,
        FIELD1,
        FIELD2,
        FIELD3,
        OPTCOUNTER
    )
VALUES (
        3099430,
        7000000000000004022,
        7000000000000246071,
        '2',
        0.0,
        null,
        null,
        null,
        0
    );
INSERT INTO DB2ADMIN.CATENTRYATTR (
        CATENTRY_ID,
        ATTR_ID,
        ATTRVAL_ID,
        USAGE,
        SEQUENCE,
        FIELD1,
        FIELD2,
        FIELD3,
        OPTCOUNTER
    )
VALUES (
        3099430,
        7000000000000004023,
        7000000000000246074,
        '2',
        0.0,
        null,
        null,
        null,
        0
    );
INSERT INTO DB2ADMIN.CATENTRYATTR (
        CATENTRY_ID,
        ATTR_ID,
        ATTRVAL_ID,
        USAGE,
        SEQUENCE,
        FIELD1,
        FIELD2,
        FIELD3,
        OPTCOUNTER
    )
VALUES (
        3099430,
        7000000000000004024,
        7000000000000246075,
        '2',
        0.0,
        null,
        null,
        null,
        0
    );
INSERT INTO DB2ADMIN.CATENTRYATTR (
        CATENTRY_ID,
        ATTR_ID,
        ATTRVAL_ID,
        USAGE,
        SEQUENCE,
        FIELD1,
        FIELD2,
        FIELD3,
        OPTCOUNTER
    )
VALUES (
        3099430,
        7000000000000004025,
        7000000000000246058,
        '2',
        0.0,
        null,
        null,
        null,
        0
    );
INSERT INTO DB2ADMIN.CATENTRYATTR (
        CATENTRY_ID,
        ATTR_ID,
        ATTRVAL_ID,
        USAGE,
        SEQUENCE,
        FIELD1,
        FIELD2,
        FIELD3,
        OPTCOUNTER
    )
VALUES (
        3099430,
        7000000000000004026,
        7000000000000246059,
        '2',
        0.0,
        null,
        null,
        null,
        0
    );
INSERT INTO DB2ADMIN.CATENTRYATTR (
        CATENTRY_ID,
        ATTR_ID,
        ATTRVAL_ID,
        USAGE,
        SEQUENCE,
        FIELD1,
        FIELD2,
        FIELD3,
        OPTCOUNTER
    )
VALUES (
        3099430,
        7000000000000007502,
        7000000000001238502,
        '2',
        0.0,
        null,
        null,
        null,
        2
    );
INSERT INTO DB2ADMIN.CATENTRYATTR (
        CATENTRY_ID,
        ATTR_ID,
        ATTRVAL_ID,
        USAGE,
        SEQUENCE,
        FIELD1,
        FIELD2,
        FIELD3,
        OPTCOUNTER
    )
VALUES (
        3099430,
        7000000000000012501,
        7000000000001824525,
        '2',
        0.0,
        null,
        null,
        null,
        0
    );
INSERT INTO DB2ADMIN.CATENTRYATTR (
        CATENTRY_ID,
        ATTR_ID,
        ATTRVAL_ID,
        USAGE,
        SEQUENCE,
        FIELD1,
        FIELD2,
        FIELD3,
        OPTCOUNTER
    )
VALUES (
        3099430,
        7000000001000000001,
        7000000001000000002,
        '2',
        0.0,
        null,
        null,
        null,
        0
    );
INSERT INTO DB2ADMIN.CATENTRYATTR (
        CATENTRY_ID,
        ATTR_ID,
        ATTRVAL_ID,
        USAGE,
        SEQUENCE,
        FIELD1,
        FIELD2,
        FIELD3,
        OPTCOUNTER
    )
VALUES (
        3099430,
        7000000000000002501,
        7000000000004722272,
        '2',
        0.0,
        null,
        null,
        null,
        0
    );
------------------------------------------------
-- DML Statements for Table "DB2ADMIN"."OFFER"
------------------------------------------------
INSERT INTO DB2ADMIN.OFFER (
        OFFER_ID,
        STARTDATE,
        TRADEPOSCN_ID,
        CATENTRY_ID,
        ENDDATE,
        PRECEDENCE,
        PUBLISHED,
        LASTUPDATE,
        MINIMUMQUANTITY,
        QTYUNIT_ID,
        MAXIMUMQUANTITY,
        FIELD1,
        FIELD2,
        FLAGS,
        IDENTIFIER,
        OID,
        OPTCOUNTER
    )
VALUES (
        4000000000040926217,
        current timestamp,
        10001,
        3099340,
        '2099-12-12 23:59:59',
        -100.0,
        2,
        current timestamp,
        null,
        null,
        null,
        null,
        null,
        1,
        800905,
        null,
        -1
    );
------------------------------------------------
-- DML Statements for Table "DB2ADMIN"."OFFERPRICE"
------------------------------------------------
INSERT INTO DB2ADMIN.OFFERPRICE (
        OFFER_ID,
        CURRENCY,
        PRICE,
        COMPAREPRICE,
        OPTCOUNTER
    )
VALUES (
        4000000000040926217,
        'AUD',
        9.74000,
        null,
        null
    );
commit;